-- MySQL dump 10.13  Distrib 8.0.32, for Win64 (x86_64)
--
-- Host: localhost    Database: market3
-- ------------------------------------------------------
-- Server version	8.0.32

/*!40101 SET @OLD_CHARACTER_SET_CLIENT=@@CHARACTER_SET_CLIENT */;
/*!40101 SET @OLD_CHARACTER_SET_RESULTS=@@CHARACTER_SET_RESULTS */;
/*!40101 SET @OLD_COLLATION_CONNECTION=@@COLLATION_CONNECTION */;
/*!50503 SET NAMES utf8 */;
/*!40103 SET @OLD_TIME_ZONE=@@TIME_ZONE */;
/*!40103 SET TIME_ZONE='+00:00' */;
/*!40014 SET @OLD_UNIQUE_CHECKS=@@UNIQUE_CHECKS, UNIQUE_CHECKS=0 */;
/*!40014 SET @OLD_FOREIGN_KEY_CHECKS=@@FOREIGN_KEY_CHECKS, FOREIGN_KEY_CHECKS=0 */;
/*!40101 SET @OLD_SQL_MODE=@@SQL_MODE, SQL_MODE='NO_AUTO_VALUE_ON_ZERO' */;
/*!40111 SET @OLD_SQL_NOTES=@@SQL_NOTES, SQL_NOTES=0 */;

--
-- Cơ sở dữ liệu: `market3`
--
CREATE DATABASE IF NOT EXISTS `market3` DEFAULT CHARACTER SET utf8 COLLATE utf8_unicode_ci;
USE `market3`;

--
-- Table structure for table `category`
--

DROP TABLE IF EXISTS `category`;
/*!40101 SET @saved_cs_client     = @@character_set_client */;
/*!50503 SET character_set_client = utf8mb4 */;
CREATE TABLE `category` (
                            `categoryID` int NOT NULL AUTO_INCREMENT,
                            `name` varchar(30) NOT NULL,
                            `description` varchar(50) DEFAULT NULL,
                            PRIMARY KEY (`categoryID`)
) ENGINE=InnoDB AUTO_INCREMENT=4 DEFAULT CHARSET=utf8mb3;
/*!40101 SET character_set_client = @saved_cs_client */;

--
-- Dumping data for table `category`
--

LOCK TABLES `category` WRITE;
/*!40000 ALTER TABLE `category` DISABLE KEYS */;
INSERT INTO `category` VALUES (1,'Fruit','The kind that can be eaten without cooking'),(2,'Green Vegetables','The kind used to make salads or soups'),(3,'Spices','The kind used to enhance the taste of food');
/*!40000 ALTER TABLE `category` ENABLE KEYS */;
UNLOCK TABLES;

--
-- Table structure for table `customers`
--

DROP TABLE IF EXISTS `customers`;
/*!40101 SET @saved_cs_client     = @@character_set_client */;
/*!50503 SET character_set_client = utf8mb4 */;
CREATE TABLE `customers` (
                             `customerID` int NOT NULL AUTO_INCREMENT,
                             `password` varchar(20) NOT NULL,
                             `fullname` varchar(40) NOT NULL,
                             `address` varchar(50) DEFAULT NULL,
                             `city` varchar(20) DEFAULT NULL,
                             `email` varchar(50) NOT NULL,
                             PRIMARY KEY (`customerID`)
) ENGINE=InnoDB AUTO_INCREMENT=11 DEFAULT CHARSET=utf8mb3;
/*!40101 SET character_set_client = @saved_cs_client */;

--
-- Dumping data for table `customers`
--

LOCK TABLES `customers` WRITE;
/*!40000 ALTER TABLE `customers` DISABLE KEYS */;
INSERT INTO `customers`(`customerID`, `email`, `password`, `fullname`, `address`, `city`) VALUES
                                                                                              (1, 'user1@gmail.com', 'user1', 'Smith', '30 Broadway', 'London'),
                                                                                              (2, 'user2@gmail.com', 'user2', 'Jonny', '99 River View', 'Japan'),
                                                                                              (3, 'user3@gmail.com', 'user3', 'Elizabeth', '23 Buckinghamshire', 'York'),
                                                                                              (4, 'user4@gmail.com', 'user4', 'Beatrix', '66 Royal Crescent', 'Bath'),
                                                                                              (5, 'user5@gmail.com', 'user5', 'David', '39 Kingsman', 'USA'),
                                                                                              (6, 'user6@gmail.com', 'user6', 'Marco', '55 Broadway 1111', 'London'),
                                                                                              (7, 'user7@gmail.com', 'user7', 'Thanh', '55 An Duong Vuong', 'Vietnam');
/*!40000 ALTER TABLE `customers` ENABLE KEYS */;
UNLOCK TABLES;

--
-- Table structure for table `hibernate_sequence`
--

DROP TABLE IF EXISTS `hibernate_sequence`;
/*!40101 SET @saved_cs_client     = @@character_set_client */;
/*!50503 SET character_set_client = utf8mb4 */;
CREATE TABLE `hibernate_sequence` (
    `next_val` bigint DEFAULT NULL
) ENGINE=MyISAM DEFAULT CHARSET=utf8mb3 COLLATE=utf8mb3_unicode_ci;
/*!40101 SET character_set_client = @saved_cs_client */;

--
-- Dumping data for table `hibernate_sequence`
--

LOCK TABLES `hibernate_sequence` WRITE;
/*!40000 ALTER TABLE `hibernate_sequence` DISABLE KEYS */;
INSERT INTO `hibernate_sequence` VALUES (9);
/*!40000 ALTER TABLE `hibernate_sequence` ENABLE KEYS */;
UNLOCK TABLES;

--
-- Table structure for table `orderdetail`
--

DROP TABLE IF EXISTS `orderdetail`;
/*!40101 SET @saved_cs_client     = @@character_set_client */;
/*!50503 SET character_set_client = utf8mb4 */;
CREATE TABLE `orderdetail` (
                               `orderDetailID` int unsigned primary key NOT NULL AUTO_INCREMENT,
                               `orderID` int unsigned NOT NULL,
                               `vegetableID` int NOT NULL,
                               `quantity` tinyint NOT NULL,
                               `price` float NOT NULL,
                               CONSTRAINT `FK_order_orderDetail` FOREIGN KEY (`orderID`) REFERENCES `orders` (`orderID`),
                               CONSTRAINT `FK_vegetable_orderDetail` FOREIGN KEY (`vegetableID`) REFERENCES `vegetable` (`vegetableID`)
) ENGINE=InnoDB AUTO_INCREMENT=600 DEFAULT CHARSET=utf8mb3;
/*!40101 SET character_set_client = @saved_cs_client */;

--
-- Dumping data for table `orderdetail`
--

LOCK TABLES `orderdetail` WRITE;
/*!40000 ALTER TABLE `orderdetail` DISABLE KEYS */;
INSERT INTO `orderdetail` VALUES (213,399,2,2,35000),(214,44,2,3,35000),(215,283,6,1,40000),(216,283,1,1,30000),(217,283,2,3,35000),(218,332,1,2,30000),(219,321,2,2,35000),(220,321,1,1,30000),(221,317,2,2,35000),(222,317,3,1,150000),(223,317,5,2,35000),(224,272,4,2,80000),(225,272,6,3,40000),(226,129,3,2,150000),(227,357,1,1,30000),(228,380,5,1,35000),(229,380,4,1,80000),(230,380,6,1,40000),(231,310,2,3,35000),(232,350,1,1,30000),(233,350,7,3,15000),(234,389,2,2,35000),(235,389,6,3,40000),(236,285,4,2,80000),(237,285,1,3,30000),(238,167,5,2,35000),(239,167,1,3,30000),(240,167,3,1,150000),(241,194,4,3,80000),(242,235,6,3,40000),(243,12,8,3,120000),(244,12,5,3,35000),(245,12,4,1,80000),(246,159,7,2,15000),(247,159,8,3,120000),(248,30,1,3,30000),(249,337,7,3,15000),(250,170,7,3,15000),(251,170,4,3,80000),(252,156,8,3,120000),(253,156,4,3,80000),(254,156,2,3,35000),(255,210,3,1,150000),(256,210,5,3,35000),(257,22,7,3,15000),(258,22,1,2,30000),(259,22,4,2,80000),(260,300,4,2,80000),(261,351,4,2,80000),(262,351,5,1,35000),(263,351,3,3,150000),(264,73,3,1,150000),(265,35,7,2,15000),(266,35,5,2,35000),(267,35,6,1,40000),(268,45,6,3,40000),(269,226,4,2,80000),(270,226,2,1,35000),(271,143,5,3,35000),(272,143,3,1,150000),(273,158,4,2,80000),(274,158,5,1,35000),(275,241,6,3,40000),(276,241,1,3,30000),(277,241,5,2,35000),(278,367,3,2,150000),(279,367,5,2,35000),(280,367,1,3,30000),(281,343,2,1,35000),(282,343,5,1,35000),(283,343,8,3,120000),(284,15,5,2,35000),(285,15,8,1,120000),(286,191,4,3,80000),(287,189,6,2,40000),(288,189,7,3,15000),(289,243,5,2,35000),(290,243,3,1,150000),(291,243,7,2,15000),(292,342,2,1,35000),(293,342,6,3,40000),(294,70,4,1,80000),(295,70,3,1,150000),(296,255,5,1,35000),(297,255,6,1,40000),(298,255,4,1,80000),(299,66,7,2,15000),(300,66,5,1,35000),(301,66,3,2,150000),(302,71,5,3,35000),(303,71,2,3,35000),(304,112,4,2,80000),(305,112,3,3,150000),(306,59,2,1,35000),(307,66,1,2,30000),(308,66,3,3,150000),(309,75,1,2,30000),(310,75,7,3,15000),(311,75,3,3,150000),(312,325,3,3,150000),(313,325,2,3,35000),(314,13,7,2,15000),(315,13,8,3,120000),(316,178,3,1,150000),(317,116,6,2,40000),(318,116,1,2,30000),(319,116,5,1,35000),(320,324,2,3,35000),(321,324,8,1,120000),(322,80,4,1,80000),(323,51,6,1,40000),(324,51,2,1,35000),(325,51,5,2,35000),(326,117,4,2,80000),(327,117,8,3,120000),(328,219,6,2,40000),(329,238,6,2,40000),(330,238,5,1,35000),(331,238,8,2,120000),(332,107,8,1,120000),(333,164,1,1,30000),(334,164,3,3,150000),(335,164,5,2,35000),(336,322,7,3,15000),(337,292,4,3,80000),(338,292,2,3,35000),(339,292,6,1,40000),(340,353,7,3,15000),(341,353,6,3,40000),(342,384,5,3,35000),(343,335,1,2,30000),(344,335,2,3,35000),(345,335,4,1,80000),(346,258,4,1,80000),(347,258,5,2,35000),(348,70,7,3,15000),(349,70,3,2,150000),(350,70,5,2,35000),(351,398,3,2,150000),(352,392,7,2,15000),(353,392,5,2,35000),(354,285,2,2,35000),(355,285,6,2,40000),(356,285,3,1,150000),(357,337,7,1,15000),(358,337,1,3,30000),(359,337,5,3,35000),(360,102,1,1,30000),(361,344,2,3,35000),(362,344,6,3,40000),(363,344,8,3,120000),(364,381,4,1,80000),(365,125,4,3,80000),(366,69,5,1,35000),(367,141,3,2,150000),(368,141,6,3,40000),(369,141,2,3,35000),(370,246,8,3,120000),(371,246,7,3,15000),(372,155,4,3,80000),(373,399,5,1,35000),(374,84,6,1,40000),(375,84,8,2,120000),(376,236,6,2,40000),(377,236,3,1,150000),(378,274,1,3,30000),(379,382,8,3,120000),(380,382,4,3,80000),(381,272,6,1,40000),(382,272,2,2,35000),(383,397,4,1,80000),(384,397,7,3,15000),(385,397,5,1,35000),(386,191,5,3,35000),(387,191,1,2,30000),(388,191,4,1,80000),(389,22,4,3,80000),(390,22,2,1,35000),(391,356,7,1,15000),(392,356,1,3,30000),(393,356,5,1,35000),(394,378,8,3,120000),(395,378,5,1,35000),(396,104,4,1,80000),(397,104,2,3,35000),(398,193,2,2,35000),(399,215,1,1,30000),(400,215,5,2,35000),(401,174,3,1,150000),(402,174,8,3,120000),(403,330,1,2,30000),(404,69,8,2,120000),(405,333,3,2,150000),(406,207,6,2,40000),(407,207,5,1,35000),(408,340,8,1,120000),(409,340,5,3,35000),(410,351,8,2,120000),(411,148,6,1,40000),(412,148,5,2,35000),(413,96,1,3,30000),(414,96,8,3,120000),(415,373,6,2,40000),(416,389,7,1,15000),(417,389,1,1,30000),(418,365,1,2,30000),(419,365,8,3,120000),(420,365,3,2,150000),(421,288,4,1,80000),(422,288,5,1,35000),(423,246,7,3,15000),(424,246,1,3,30000),(425,204,4,3,80000),(426,204,1,1,30000),(427,204,3,1,150000),(428,140,5,3,35000),(429,140,8,3,120000),(430,233,5,3,35000),(431,233,8,2,120000),(432,233,7,1,15000),(433,242,7,2,15000),(434,242,4,2,80000),(435,15,1,1,30000),(436,322,6,1,40000),(437,322,2,2,35000),(438,345,6,2,40000),(439,345,5,1,35000),(440,174,5,3,35000),(441,142,7,2,15000),(442,142,1,1,30000),(443,65,3,1,150000),(444,168,6,3,40000),(445,160,5,2,35000),(446,160,4,2,80000),(447,33,8,1,120000),(448,33,6,3,40000),(449,33,4,3,80000),(450,152,6,3,40000),(451,364,1,2,30000),(452,364,4,1,80000),(453,364,3,2,150000),(454,370,7,1,15000),(455,370,6,2,40000),(456,370,2,2,35000),(457,309,6,3,40000),(458,309,4,1,80000),(459,353,1,3,30000),(460,306,3,3,150000),(461,134,7,3,15000),(462,314,4,2,80000),(463,139,7,3,15000),(464,139,8,3,120000),(465,139,6,2,40000),(466,296,4,1,80000),(467,73,2,1,35000),(468,73,1,1,30000),(469,73,5,1,35000),(470,280,8,1,120000),(471,290,1,3,30000),(472,290,5,2,35000),(473,290,2,1,35000),(474,393,6,2,40000),(475,393,8,3,120000),(476,315,6,1,40000),(477,315,2,1,35000),(478,315,4,2,80000),(479,258,2,1,35000),(480,258,4,1,80000),(481,338,6,2,40000),(482,338,2,2,35000),(483,142,5,1,35000),(484,142,6,1,40000),(485,323,7,1,15000),(486,159,5,2,35000),(487,159,8,1,120000),(488,306,8,2,120000),(489,306,5,3,35000),(490,207,2,2,35000),(491,207,3,1,150000),(492,207,6,3,40000),(493,307,7,2,15000),(494,307,2,3,35000),(495,241,7,3,15000),(496,241,8,3,120000),(497,241,5,1,35000),(498,329,2,2,35000),(499,329,3,3,150000),(500,301,5,1,35000),(501,301,8,1,120000),(502,362,3,2,150000),(503,172,8,1,120000),(504,172,7,1,15000),(505,172,1,3,30000),(506,147,7,2,15000),(507,147,2,2,35000),(508,394,1,2,30000),(509,394,3,2,150000),(510,394,6,3,40000),(511,216,5,1,35000),(512,216,4,1,80000),(513,308,5,1,35000),(514,234,8,3,120000),(515,247,7,2,15000),(516,247,6,2,40000),(517,322,6,3,40000),(518,322,7,1,15000),(519,6,2,1,35000),(520,6,6,1,40000),(521,89,3,1,150000),(522,89,1,3,30000),(523,221,6,1,40000),(524,101,3,1,150000),(525,101,1,3,30000),(526,269,1,3,30000),(527,269,4,1,80000),(528,269,2,3,35000),(529,120,2,2,35000),(530,120,4,3,80000),(531,120,1,2,30000),(532,186,7,3,15000),(533,221,6,1,40000),(534,361,4,3,80000),(535,361,3,2,150000),(536,269,5,2,35000),(537,303,8,1,120000),(538,303,4,3,80000),(539,373,5,2,35000),(540,373,4,1,80000),(541,200,7,3,15000),(542,324,1,1,30000),(543,324,2,3,35000),(544,26,5,3,35000),(545,26,8,3,120000),(546,182,7,3,15000),(547,182,4,3,80000),(548,67,8,2,120000),(549,88,4,2,80000),(550,88,6,2,40000),(551,393,5,3,35000),(552,393,6,1,40000),(553,393,3,2,150000),(554,270,8,2,120000),(555,144,3,2,150000),(556,144,1,1,30000),(557,311,2,1,35000),(558,144,6,3,40000),(559,144,3,3,150000),(560,118,2,1,35000),(561,118,1,3,30000),(562,107,7,2,15000),(563,107,6,2,40000),(564,196,7,1,15000),(565,18,3,2,150000),(566,350,2,1,35000),(567,350,6,1,40000),(568,383,8,3,120000),(569,383,3,1,150000),(570,94,1,1,30000),(571,94,7,1,15000),(572,129,2,2,35000),(573,129,6,1,40000),(574,113,1,3,30000),(575,395,8,2,120000),(576,395,2,2,35000),(577,395,5,2,35000),(578,168,7,3,15000),(579,203,8,1,120000),(580,268,7,2,15000),(581,268,2,1,35000),(582,268,5,2,35000),(583,268,1,2,30000),(584,268,6,3,40000),(585,336,1,1,30000),(586,325,4,3,80000),(587,325,2,2,35000),(588,325,6,2,40000),(589,126,8,1,120000),(590,126,4,2,80000),(591,313,7,3,15000),(592,313,4,2,80000),(593,313,1,2,30000),(594,294,8,3,120000),(595,294,3,3,150000),(596,135,6,1,40000),(597,135,8,1,120000),(598,405,1,3,30000),(599,406,1,3,30000);
/*!40000 ALTER TABLE `orderdetail` ENABLE KEYS */;
UNLOCK TABLES;

--
-- Table structure for table `orders`
--

DROP TABLE IF EXISTS `orders`;
/*!40101 SET @saved_cs_client     = @@character_set_client */;
/*!50503 SET character_set_client = utf8mb4 */;
CREATE TABLE `orders` (
                          `orderID` int unsigned NOT NULL AUTO_INCREMENT,
                          `customerID` int NOT NULL,
                          `date` date NOT NULL,
                          `total` float NOT NULL,
                          `note` text NOT NULL,
                          PRIMARY KEY (`orderID`),
                          KEY `customerID` (`customerID`),
                          CONSTRAINT `FK_customer` FOREIGN KEY (`customerID`) REFERENCES `customers` (`customerID`)
) ENGINE=InnoDB AUTO_INCREMENT=407 DEFAULT CHARSET=utf8mb3;
/*!40101 SET character_set_client = @saved_cs_client */;

--
-- Dumping data for table `orders`
--

LOCK TABLES `orders` WRITE;
/*!40000 ALTER TABLE `orders` DISABLE KEYS */;
INSERT INTO `orders` VALUES (5,2,'2022-09-07',0,'Sample note 1'),(6,3,'2022-10-26',75000,'Sample note 2'),(7,2,'2023-02-26',0,'Sample note 3'),(8,2,'2022-10-09',0,'Sample note 4'),(9,3,'2022-10-18',0,'Sample note 5'),(10,1,'2022-09-30',0,'Sample note 6'),(11,2,'2023-02-03',0,'Sample note 7'),(12,2,'2022-10-12',545000,'Sample note 8'),(13,2,'2022-11-04',390000,'Sample note 9'),(14,1,'2023-01-21',0,'Sample note 10'),(15,3,'2022-10-22',30000,'Sample note 11'),(16,1,'2022-10-28',0,'Sample note 12'),(17,3,'2023-03-15',0,'Sample note 13'),(18,3,'2022-11-11',300000,'Sample note 14'),(19,3,'2022-10-08',0,'Sample note 15'),(20,3,'2022-10-02',0,'Sample note 16'),(21,2,'2023-01-12',0,'Sample note 17'),(22,2,'2023-01-29',275000,'Sample note 18'),(23,2,'2022-10-30',0,'Sample note 19'),(24,2,'2022-10-04',0,'Sample note 20'),(25,2,'2023-04-07',0,'Sample note 21'),(26,2,'2022-11-22',465000,'Sample note 22'),(27,1,'2023-02-20',0,'Sample note 23'),(28,3,'2022-09-13',0,'Sample note 24'),(29,2,'2023-01-06',0,'Sample note 25'),(30,3,'2022-10-23',90000,'Sample note 26'),(31,2,'2022-11-17',0,'Sample note 27'),(32,2,'2023-03-07',0,'Sample note 28'),(33,2,'2022-09-05',480000,'Sample note 29'),(34,2,'2022-11-07',0,'Sample note 30'),(35,1,'2022-10-17',140000,'Sample note 31'),(36,2,'2023-01-03',0,'Sample note 32'),(37,3,'2022-09-10',0,'Sample note 33'),(38,3,'2023-03-01',0,'Sample note 34'),(39,1,'2022-10-13',0,'Sample note 35'),(40,1,'2022-12-14',0,'Sample note 36'),(41,1,'2022-12-19',0,'Sample note 37'),(42,2,'2022-10-30',0,'Sample note 38'),(43,1,'2022-11-10',0,'Sample note 39'),(44,1,'2023-04-16',105000,'Sample note 40'),(45,2,'2023-02-12',120000,'Sample note 41'),(46,3,'2022-12-17',0,'Sample note 42'),(47,3,'2022-12-30',0,'Sample note 43'),(48,1,'2023-01-06',0,'Sample note 44'),(49,3,'2023-01-06',0,'Sample note 45'),(50,2,'2022-10-21',0,'Sample note 46'),(51,3,'2023-01-23',145000,'Sample note 47'),(52,1,'2023-02-21',0,'Sample note 48'),(53,3,'2023-03-29',0,'Sample note 49'),(54,3,'2022-10-14',0,'Sample note 50'),(55,2,'2023-01-30',0,'Sample note 51'),(56,3,'2023-01-28',0,'Sample note 52'),(57,2,'2023-03-09',0,'Sample note 53'),(58,1,'2022-09-18',0,'Sample note 54'),(59,2,'2022-12-21',35000,'Sample note 55'),(60,2,'2022-10-09',0,'Sample note 56'),(61,2,'2022-12-16',0,'Sample note 57'),(62,2,'2022-12-02',0,'Sample note 58'),(63,1,'2022-12-21',0,'Sample note 59'),(64,3,'2022-09-30',0,'Sample note 60'),(65,1,'2023-02-08',150000,'Sample note 61'),(66,1,'2023-02-01',510000,'Sample note 62'),(67,3,'2023-01-02',240000,'Sample note 63'),(68,1,'2023-02-21',0,'Sample note 64'),(69,2,'2022-10-28',240000,'Sample note 65'),(70,2,'2022-11-28',415000,'Sample note 66'),(71,2,'2022-10-22',210000,'Sample note 67'),(72,1,'2022-09-19',0,'Sample note 68'),(73,2,'2022-12-14',100000,'Sample note 69'),(74,3,'2023-04-09',0,'Sample note 70'),(75,2,'2022-10-06',555000,'Sample note 71'),(76,3,'2023-02-19',0,'Sample note 72'),(77,1,'2022-12-16',0,'Sample note 73'),(78,2,'2023-02-06',0,'Sample note 74'),(79,1,'2022-10-09',0,'Sample note 75'),(80,3,'2022-09-09',80000,'Sample note 76'),(81,3,'2022-09-18',0,'Sample note 77'),(82,1,'2023-02-04',0,'Sample note 78'),(83,2,'2022-10-27',0,'Sample note 79'),(84,2,'2022-09-28',280000,'Sample note 80'),(85,1,'2022-11-23',0,'Sample note 81'),(86,2,'2022-10-13',0,'Sample note 82'),(87,1,'2023-01-17',0,'Sample note 83'),(88,2,'2023-01-15',240000,'Sample note 84'),(89,3,'2023-03-16',240000,'Sample note 85'),(90,2,'2023-01-12',0,'Sample note 86'),(91,2,'2022-11-26',0,'Sample note 87'),(92,2,'2023-03-02',0,'Sample note 88'),(93,2,'2023-01-11',0,'Sample note 89'),(94,2,'2023-04-06',45000,'Sample note 90'),(95,2,'2023-02-17',0,'Sample note 91'),(96,1,'2022-09-11',450000,'Sample note 92'),(97,2,'2022-11-14',0,'Sample note 93'),(98,2,'2023-03-15',0,'Sample note 94'),(99,3,'2023-01-29',0,'Sample note 95'),(100,3,'2023-02-01',0,'Sample note 96'),(101,3,'2023-01-04',240000,'Sample note 97'),(102,1,'2022-09-01',30000,'Sample note 98'),(103,3,'2022-11-12',0,'Sample note 99'),(104,2,'2023-03-31',185000,'Sample note 100'),(105,1,'2022-09-23',0,'Sample note 101'),(106,2,'2022-11-16',0,'Sample note 102'),(107,1,'2023-03-10',110000,'Sample note 103'),(108,3,'2022-11-22',0,'Sample note 104'),(109,3,'2023-03-29',0,'Sample note 105'),(110,1,'2023-01-03',0,'Sample note 106'),(111,2,'2022-09-01',0,'Sample note 107'),(112,3,'2023-03-05',610000,'Sample note 108'),(113,1,'2023-02-04',90000,'Sample note 109'),(114,2,'2022-10-16',0,'Sample note 110'),(115,1,'2023-01-25',0,'Sample note 111'),(116,3,'2023-01-01',175000,'Sample note 112'),(117,2,'2023-02-08',520000,'Sample note 113'),(118,1,'2023-02-14',125000,'Sample note 114'),(119,2,'2023-01-28',0,'Sample note 115'),(120,3,'2022-10-07',370000,'Sample note 116'),(121,2,'2022-10-11',0,'Sample note 117'),(122,3,'2023-01-08',0,'Sample note 118'),(123,2,'2023-03-03',0,'Sample note 119'),(124,1,'2022-09-10',0,'Sample note 120'),(125,1,'2023-03-06',240000,'Sample note 121'),(126,1,'2023-01-07',280000,'Sample note 122'),(127,1,'2022-10-17',0,'Sample note 123'),(128,1,'2022-10-25',0,'Sample note 124'),(129,3,'2023-01-23',110000,'Sample note 125'),(130,2,'2023-03-15',0,'Sample note 126'),(131,1,'2022-12-20',0,'Sample note 127'),(132,2,'2023-04-06',0,'Sample note 128'),(133,3,'2023-01-25',0,'Sample note 129'),(134,1,'2023-03-17',45000,'Sample note 130'),(135,2,'2022-09-02',160000,'Sample note 131'),(136,3,'2023-03-06',0,'Sample note 132'),(137,1,'2022-12-29',0,'Sample note 133'),(138,2,'2023-03-16',0,'Sample note 134'),(139,3,'2023-03-21',485000,'Sample note 135'),(140,2,'2022-11-23',465000,'Sample note 136'),(141,2,'2023-01-19',525000,'Sample note 137'),(142,1,'2023-03-12',75000,'Sample note 138'),(143,1,'2023-03-07',255000,'Sample note 139'),(144,2,'2023-02-23',570000,'Sample note 140'),(145,1,'2023-04-15',0,'Sample note 141'),(146,3,'2022-10-15',0,'Sample note 142'),(147,2,'2022-11-12',100000,'Sample note 143'),(148,2,'2023-02-15',110000,'Sample note 144'),(149,1,'2023-03-22',0,'Sample note 145'),(150,1,'2022-12-17',0,'Sample note 146'),(151,3,'2023-01-14',0,'Sample note 147'),(152,1,'2023-01-23',120000,'Sample note 148'),(153,3,'2023-01-31',0,'Sample note 149'),(154,2,'2023-01-31',0,'Sample note 150'),(155,1,'2022-11-06',240000,'Sample note 151'),(156,3,'2023-02-15',705000,'Sample note 152'),(157,2,'2023-02-02',0,'Sample note 153'),(158,2,'2023-03-29',195000,'Sample note 154'),(159,2,'2022-12-28',190000,'Sample note 155'),(160,1,'2023-04-12',230000,'Sample note 156'),(161,1,'2022-11-05',0,'Sample note 157'),(162,2,'2023-03-01',0,'Sample note 158'),(163,1,'2023-01-30',0,'Sample note 159'),(164,2,'2022-12-22',550000,'Sample note 160'),(165,3,'2022-09-18',0,'Sample note 161'),(166,3,'2023-01-13',0,'Sample note 162'),(167,3,'2022-10-18',310000,'Sample note 163'),(168,1,'2023-04-02',45000,'Sample note 164'),(169,1,'2022-09-10',0,'Sample note 165'),(170,1,'2022-10-12',285000,'Sample note 166'),(171,3,'2022-12-04',0,'Sample note 167'),(172,2,'2023-04-08',225000,'Sample note 168'),(173,1,'2022-11-02',0,'Sample note 169'),(174,1,'2023-03-22',105000,'Sample note 170'),(175,1,'2023-04-14',0,'Sample note 171'),(176,1,'2023-01-29',0,'Sample note 172'),(177,3,'2023-04-05',0,'Sample note 173'),(178,1,'2023-01-28',150000,'Sample note 174'),(179,2,'2023-01-04',0,'Sample note 175'),(180,1,'2022-10-03',0,'Sample note 176'),(181,2,'2023-02-04',0,'Sample note 177'),(182,3,'2022-12-18',285000,'Sample note 178'),(183,1,'2022-10-09',0,'Sample note 179'),(184,3,'2023-01-21',0,'Sample note 180'),(185,1,'2023-02-11',0,'Sample note 181'),(186,1,'2022-12-31',45000,'Sample note 182'),(187,2,'2022-11-05',0,'Sample note 183'),(188,2,'2022-10-05',0,'Sample note 184'),(189,3,'2022-12-16',125000,'Sample note 185'),(190,1,'2023-01-03',0,'Sample note 186'),(191,2,'2023-04-11',245000,'Sample note 187'),(192,2,'2023-02-13',0,'Sample note 188'),(193,1,'2023-02-12',70000,'Sample note 189'),(194,2,'2023-03-26',240000,'Sample note 190'),(195,2,'2023-02-09',0,'Sample note 191'),(196,3,'2022-11-07',15000,'Sample note 192'),(197,1,'2023-04-16',0,'Sample note 193'),(198,2,'2023-01-30',0,'Sample note 194'),(199,3,'2023-04-16',0,'Sample note 195'),(200,3,'2023-02-06',45000,'Sample note 196'),(201,2,'2022-10-12',0,'Sample note 197'),(202,2,'2023-01-13',0,'Sample note 198'),(203,1,'2023-04-15',120000,'Sample note 199'),(204,1,'2022-10-13',420000,'Sample note 200'),(205,3,'2023-01-24',0,'Sample note 201'),(206,3,'2022-12-02',0,'Sample note 202'),(207,1,'2023-01-13',340000,'Sample note 203'),(208,2,'2022-11-17',0,'Sample note 204'),(209,3,'2022-10-30',0,'Sample note 205'),(210,3,'2022-11-12',255000,'Sample note 206'),(211,1,'2022-10-17',0,'Sample note 207'),(212,3,'2022-10-19',0,'Sample note 208'),(213,1,'2022-11-14',0,'Sample note 209'),(214,3,'2022-09-25',0,'Sample note 210'),(215,1,'2023-04-14',100000,'Sample note 211'),(216,3,'2022-12-16',115000,'Sample note 212'),(217,3,'2023-03-31',0,'Sample note 213'),(218,3,'2022-12-01',0,'Sample note 214'),(219,1,'2023-03-01',80000,'Sample note 215'),(220,2,'2023-01-13',0,'Sample note 216'),(221,3,'2022-12-17',40000,'Sample note 217'),(222,2,'2023-01-16',0,'Sample note 218'),(223,3,'2023-01-18',0,'Sample note 219'),(224,3,'2022-11-29',0,'Sample note 220'),(225,1,'2022-10-16',0,'Sample note 221'),(226,3,'2023-01-22',195000,'Sample note 222'),(227,1,'2022-12-26',0,'Sample note 223'),(228,1,'2022-12-04',0,'Sample note 224'),(229,2,'2023-02-04',0,'Sample note 225'),(230,2,'2023-01-18',0,'Sample note 226'),(231,2,'2022-09-08',0,'Sample note 227'),(232,2,'2023-01-22',0,'Sample note 228'),(233,1,'2023-02-19',360000,'Sample note 229'),(234,1,'2023-01-28',360000,'Sample note 230'),(235,1,'2022-09-26',120000,'Sample note 231'),(236,2,'2022-11-12',230000,'Sample note 232'),(237,1,'2022-11-21',0,'Sample note 233'),(238,3,'2022-10-10',355000,'Sample note 234'),(239,3,'2022-10-30',0,'Sample note 235'),(240,2,'2022-10-05',0,'Sample note 236'),(241,3,'2022-09-05',440000,'Sample note 237'),(242,3,'2022-11-25',190000,'Sample note 238'),(243,1,'2022-09-29',250000,'Sample note 239'),(244,2,'2022-12-23',0,'Sample note 240'),(245,3,'2023-04-16',0,'Sample note 241'),(246,3,'2023-01-23',135000,'Sample note 242'),(247,1,'2023-02-14',110000,'Sample note 243'),(248,3,'2023-02-10',0,'Sample note 244'),(249,2,'2022-11-29',0,'Sample note 245'),(250,1,'2023-03-30',0,'Sample note 246'),(251,2,'2022-11-29',0,'Sample note 247'),(252,2,'2023-03-05',0,'Sample note 248'),(253,2,'2023-03-13',0,'Sample note 249'),(254,2,'2023-02-08',0,'Sample note 250'),(255,1,'2022-10-03',155000,'Sample note 251'),(256,3,'2022-11-10',0,'Sample note 252'),(257,1,'2022-10-18',0,'Sample note 253'),(258,1,'2022-10-24',115000,'Sample note 254'),(259,1,'2022-11-03',0,'Sample note 255'),(260,2,'2022-12-24',0,'Sample note 256'),(261,1,'2023-03-16',0,'Sample note 257'),(262,1,'2022-09-12',0,'Sample note 258'),(263,1,'2023-01-14',0,'Sample note 259'),(264,2,'2022-10-06',0,'Sample note 260'),(265,3,'2022-12-30',0,'Sample note 261'),(266,3,'2022-11-24',0,'Sample note 262'),(267,2,'2023-03-14',0,'Sample note 263'),(268,2,'2022-12-20',250000,'Sample note 264'),(269,3,'2022-09-26',70000,'Sample note 265'),(270,2,'2022-10-14',240000,'Sample note 266'),(271,1,'2023-04-16',0,'Sample note 267'),(272,2,'2022-10-29',110000,'Sample note 268'),(273,2,'2023-04-11',0,'Sample note 269'),(274,3,'2022-10-11',90000,'Sample note 270'),(275,3,'2023-02-15',0,'Sample note 271'),(276,1,'2023-01-14',0,'Sample note 272'),(277,1,'2022-12-27',0,'Sample note 273'),(278,3,'2022-11-07',0,'Sample note 274'),(279,3,'2022-09-29',0,'Sample note 275'),(280,1,'2023-03-19',120000,'Sample note 276'),(281,3,'2022-12-20',0,'Sample note 277'),(282,3,'2023-03-04',0,'Sample note 278'),(283,1,'2022-11-09',175000,'Sample note 279'),(284,3,'2023-03-04',0,'Sample note 280'),(285,2,'2022-09-21',300000,'Sample note 281'),(286,2,'2022-11-15',0,'Sample note 282'),(287,2,'2022-12-10',0,'Sample note 283'),(288,3,'2023-01-02',115000,'Sample note 284'),(289,1,'2022-09-23',0,'Sample note 285'),(290,1,'2022-12-12',195000,'Sample note 286'),(291,1,'2022-12-12',0,'Sample note 287'),(292,1,'2023-03-15',385000,'Sample note 288'),(293,2,'2023-01-26',0,'Sample note 289'),(294,2,'2023-03-31',810000,'Sample note 290'),(295,3,'2022-10-24',0,'Sample note 291'),(296,2,'2023-02-15',80000,'Sample note 292'),(297,2,'2023-03-17',0,'Sample note 293'),(298,1,'2022-10-14',0,'Sample note 294'),(299,1,'2022-10-13',0,'Sample note 295'),(300,2,'2023-03-25',160000,'Sample note 296'),(301,1,'2023-02-09',155000,'Sample note 297'),(302,2,'2022-12-09',0,'Sample note 298'),(303,2,'2023-03-31',360000,'Sample note 299'),(304,1,'2022-12-03',0,'Sample note 300'),(305,2,'2023-03-12',0,'Sample note 301'),(306,2,'2022-11-11',345000,'Sample note 302'),(307,2,'2023-03-21',135000,'Sample note 303'),(308,2,'2022-11-25',35000,'Sample note 304'),(309,2,'2022-10-10',200000,'Sample note 305'),(310,1,'2022-11-23',105000,'Sample note 306'),(311,3,'2022-10-29',35000,'Sample note 307'),(312,1,'2022-12-13',0,'Sample note 308'),(313,3,'2022-09-15',265000,'Sample note 309'),(314,2,'2022-10-12',160000,'Sample note 310'),(315,3,'2022-10-14',235000,'Sample note 311'),(316,2,'2023-03-30',0,'Sample note 312'),(317,3,'2022-09-01',290000,'Sample note 313'),(318,2,'2022-11-16',0,'Sample note 314'),(319,3,'2023-03-05',0,'Sample note 315'),(320,3,'2023-03-05',0,'Sample note 316'),(321,2,'2023-02-23',100000,'Sample note 317'),(322,3,'2022-10-03',135000,'Sample note 318'),(323,2,'2022-12-30',15000,'Sample note 319'),(324,1,'2022-10-28',135000,'Sample note 320'),(325,2,'2023-04-05',390000,'Sample note 321'),(326,3,'2023-02-02',0,'Sample note 322'),(327,1,'2022-10-09',0,'Sample note 323'),(328,1,'2023-03-18',0,'Sample note 324'),(329,2,'2022-11-10',520000,'Sample note 325'),(330,3,'2022-12-06',60000,'Sample note 326'),(331,2,'2022-11-24',0,'Sample note 327'),(332,2,'2022-12-15',60000,'Sample note 328'),(333,2,'2022-09-20',300000,'Sample note 329'),(334,2,'2022-12-24',0,'Sample note 330'),(335,2,'2022-11-22',245000,'Sample note 331'),(336,3,'2023-02-03',30000,'Sample note 332'),(337,3,'2023-01-01',210000,'Sample note 333'),(338,3,'2022-11-05',150000,'Sample note 334'),(339,3,'2022-09-05',0,'Sample note 335'),(340,2,'2023-02-24',225000,'Sample note 336'),(341,3,'2022-09-12',0,'Sample note 337'),(342,1,'2023-03-15',155000,'Sample note 338'),(343,1,'2023-02-23',430000,'Sample note 339'),(344,2,'2023-03-23',585000,'Sample note 340'),(345,2,'2022-11-23',115000,'Sample note 341'),(346,2,'2023-03-20',0,'Sample note 342'),(347,1,'2022-11-06',0,'Sample note 343'),(348,2,'2023-02-15',0,'Sample note 344'),(349,3,'2022-11-25',0,'Sample note 345'),(350,1,'2022-11-21',75000,'Sample note 346'),(351,2,'2022-09-24',240000,'Sample note 347'),(352,1,'2022-12-01',0,'Sample note 348'),(353,2,'2023-01-09',90000,'Sample note 349'),(354,3,'2023-03-10',0,'Sample note 350'),(355,3,'2023-01-14',0,'Sample note 351'),(356,1,'2022-10-19',140000,'Sample note 352'),(357,2,'2022-09-24',30000,'Sample note 353'),(358,1,'2023-03-21',0,'Sample note 354'),(359,2,'2022-09-20',0,'Sample note 355'),(360,1,'2023-01-05',0,'Sample note 356'),(361,3,'2022-12-29',540000,'Sample note 357'),(362,1,'2023-02-15',300000,'Sample note 358'),(363,3,'2023-03-18',0,'Sample note 359'),(364,1,'2023-03-17',440000,'Sample note 360'),(365,2,'2023-02-01',720000,'Sample note 361'),(366,3,'2022-12-11',0,'Sample note 362'),(367,3,'2022-11-09',460000,'Sample note 363'),(368,1,'2022-10-07',0,'Sample note 364'),(369,1,'2023-01-23',0,'Sample note 365'),(370,2,'2022-09-11',165000,'Sample note 366'),(371,2,'2023-01-13',0,'Sample note 367'),(372,2,'2022-12-13',0,'Sample note 368'),(373,2,'2023-04-16',150000,'Sample note 369'),(374,3,'2022-12-04',0,'Sample note 370'),(375,2,'2022-11-10',0,'Sample note 371'),(376,2,'2022-11-15',0,'Sample note 372'),(377,3,'2022-12-19',0,'Sample note 373'),(378,2,'2022-12-22',395000,'Sample note 374'),(379,2,'2023-02-14',0,'Sample note 375'),(380,1,'2022-09-26',155000,'Sample note 376'),(381,2,'2023-03-24',80000,'Sample note 377'),(382,1,'2022-12-25',600000,'Sample note 378'),(383,2,'2023-01-18',510000,'Sample note 379'),(384,3,'2022-11-16',105000,'Sample note 380'),(385,1,'2022-12-26',0,'Sample note 381'),(386,1,'2022-09-16',0,'Sample note 382'),(387,2,'2023-02-08',0,'Sample note 383'),(388,1,'2022-09-23',0,'Sample note 384'),(389,2,'2023-01-13',45000,'Sample note 385'),(390,1,'2022-09-11',0,'Sample note 386'),(391,3,'2023-03-15',0,'Sample note 387'),(392,1,'2023-02-09',100000,'Sample note 388'),(393,1,'2022-09-25',445000,'Sample note 389'),(394,3,'2022-10-08',480000,'Sample note 390'),(395,3,'2022-10-19',380000,'Sample note 391'),(396,2,'2023-02-13',0,'Sample note 392'),(397,3,'2023-01-06',160000,'Sample note 393'),(398,2,'2023-03-07',300000,'Sample note 394'),(399,2,'2022-12-08',35000,'Sample note 395'),(400,3,'2022-10-20',0,'Sample note 396'),(401,3,'2023-01-30',0,'Sample note 397'),(402,1,'2023-01-03',0,'Sample note 398'),(403,3,'2023-04-10',0,'Sample note 399'),(404,3,'2022-11-10',0,'Sample note 400'),(405,1,'2023-04-15',90000,''),(406,2,'2023-04-15',90000,'');
/*!40000 ALTER TABLE `orders` ENABLE KEYS */;
UNLOCK TABLES;

--
-- Table structure for table `vegetable`
--

DROP TABLE IF EXISTS `vegetable`;
/*!40101 SET @saved_cs_client     = @@character_set_client */;
/*!50503 SET character_set_client = utf8mb4 */;
CREATE TABLE `vegetable` (
                             `vegetableID` int NOT NULL AUTO_INCREMENT,
                             `categoryID` int NOT NULL,
                             `vegetableName` varchar(50) DEFAULT NULL,
                             `unit` varchar(20) NOT NULL,
                             `amount` int NOT NULL,
                             `image` varchar(50) NOT NULL,
                             `price` float NOT NULL,
                             PRIMARY KEY (`vegetableID`),
                             KEY `catagoryID` (`categoryID`),
                             CONSTRAINT `FK_category` FOREIGN KEY (`categoryID`) REFERENCES `category` (`categoryID`)
) ENGINE=InnoDB AUTO_INCREMENT=12 DEFAULT CHARSET=utf8mb3;
/*!40101 SET character_set_client = @saved_cs_client */;

--
-- Dumping data for table `vegetable`
--

LOCK TABLES `vegetable` WRITE;
/*!40000 ALTER TABLE `vegetable` DISABLE KEYS */;
INSERT INTO `vegetable` VALUES (1,1,'Tomato','kg',1006,'images/tomato.jpg',30000),(2,1,'potato','kg',150,'images/potato.jpg',35000),(3,1,'Apple','bag',50,'images/apple.jpg',150000),(4,1,'Water melon','per fruit',20,'images/watermelon.jpg',80000),(5,2,' broccoli','kg',50,'images/broccoli.jpg',35000),(6,2,'celery','kg',80,'images/celery.jpg',40000),(7,3,' spring onion','bunch',50,'images/springonion.jpg',15000),(8,3,'garlic','kg',30,'images/garlic.jpg',120000);
/*!40000 ALTER TABLE `vegetable` ENABLE KEYS */;
UNLOCK TABLES;
/*!40103 SET TIME_ZONE=@OLD_TIME_ZONE */;

/*!40101 SET SQL_MODE=@OLD_SQL_MODE */;
/*!40014 SET FOREIGN_KEY_CHECKS=@OLD_FOREIGN_KEY_CHECKS */;
/*!40014 SET UNIQUE_CHECKS=@OLD_UNIQUE_CHECKS */;
/*!40101 SET CHARACTER_SET_CLIENT=@OLD_CHARACTER_SET_CLIENT */;
/*!40101 SET CHARACTER_SET_RESULTS=@OLD_CHARACTER_SET_RESULTS */;
/*!40101 SET COLLATION_CONNECTION=@OLD_COLLATION_CONNECTION */;
/*!40111 SET SQL_NOTES=@OLD_SQL_NOTES */;

-- Dump completed on 2023-04-15 13:09:50